{"cameraMode":{"drawMode":0,"name":"Shaded","section":"Shading Mode"},"sceneLighting":true,"audioPlay":false,"sceneViewState":{"showFog":true,"showMaterialUpdate":true,"showSkybox":true,"showFlares":true,"showImageEffects":true,"showParticleSystems":true},"in2DMode":false,"pivot":{"x":135.46994018554688,"y":404.33453369140627,"z":57.1591796875},"rotation":{"x":-0.10552913695573807,"y":-0.056650057435035709,"z":0.006021659821271896,"w":-0.9927830696105957},"size":1375.966064453125,"orthographic":false}